Book Id;Title;Author;Author l-f;Additional Authors;ISBN;ISBN13;My Rating;Average Rating;Publisher;Binding;Number of Pages;Year Published;Original Publication Year;Date Read;Date Added;Bookshelves;Bookshelves with positions;Exclusive Shelf;My Review;Spoiler;Private Notes;Read Count;Owned Copies;Time
243056077;Zrodzona z krwi i popiołu (Z ciała i ognia, #4);Jennifer L. Armentrout;Armentrout, Jennifer L.;Justyna Norberg;8328736195;9788328736191;4;4.08;Akurat;Paperback;1024;2025;2024;2025/12/29;2025/08/30;;;read;;;;1;0;6
227786635;Crowntide (Lightlark, #4);Alex Aster;Aster, Alex;;1419785710;9781419785719;0;3.74;Harry N. Abrams;Hardcover;448;2025;2025;;2025/12/24;to-read;to-read (#38);to-read;;;;0;0;
227786648;Grim and Oro (Lightlark);Alex Aster;Aster, Alex;;1419785621;9781419785627;0;4.15;Harry N. Abrams;Hardcover;504;2025;2025;;2025/12/24;to-read;to-read (#37);to-read;;;;0;0;
199226453;Przydaj się. Siedem zasad lepszego życia;Arnold Schwarzenegger;Schwarzenegger, Arnold;Marcin Wróbel, Piotr Grzegorzewski, Paweł Bravo;8383193580;9788383193588;0;4.05;W.A.B.;Hardcover;320;2023;2023;;2025/11/12;currently-reading;currently-reading (#4);currently-reading;;;;1;0;
241741177;Niepewna (Bezsilna, #3.5);Lauren  Roberts;Roberts, Lauren;Piotr Kucharski;8384252971;9788384252970;4;3.35;Uroboros;Paperback;318;2025;2025;2025/12/23;2025/09/06;;;read;;;;1;0;2
202247840;Księga Azraela (Bogowie i Potwory, #1);Amber V. Nicole;Nicole, Amber V.;Malwina Stopyra;8383621566;9788383621562;0;4.12;Nowe Strony;Paperback;744;2023;2022;;2025/12/06;to-read;to-read (#36);to-read;;;;0;0;
241147927;Alchemised;SenLinYu;SenLinYu, SenLinYu;Katarzyna Agnieszka Dyrek;8384026890;9788384026892;5;4.42;Filia;Hardcover;992;2025;2025;2025/12/04;2025/10/06;;;read;;;;1;0;29
40681904;Trylogia Czarnego Maga. Ksiega 3. Wielki Mistrz;Trudi Canavan;Canavan, Trudi;;8365534630;9788365534637;5;4.15;Galeria Ksiazki;Paperback;728;2017;2002;2025/11/06;2025/09/28;;;read;;;;1;0;35
3342764;The Magician's Apprentice (Black Magician, #0.5);Trudi Canavan;Canavan, Trudi;;316037885;9780316037884;0;3.98;Orbit;Hardcover;593;2009;2009;;2025/10/09;to-read;to-read (#35);to-read;;;;0;0;
40681906;Nowicjuszka (Trylogia Czarnego Maga, #2);Trudi Canavan;Canavan, Trudi;Agnieszka Fulińska;8365534622;9788365534620;5;4.08;Galeria Książki;Paperback;648;2017;2002;2025/09/30;2025/09/28;;;read;;;;1;0;3
221464911;Ogień w ciele (Z ciała i ognia, #3);Jennifer L. Armentrout;Armentrout, Jennifer L.;Justyna Szcześniak-Norberg;832873298X;9788328732988;5;4.12;Akurat;Paperback;640;2024;2023;2025/09/04;2025/08/07;;;read;;;;1;0;3
32950907;Gildia Magow. Ksiega pierwsza Trylogii Czarnego Maga (polish);Trudi Canavan;Canavan, Trudi;;8362170212;9788362170210;5;3.95;Galeria Ksiazki;Paperback;520;2011;2001;2025/09/27;2025/09/27;;;read;;;;1;0;1
41071915;Harry Potter i Insygnia Śmierci (Harry Potter, #7);J.K. Rowling;Rowling, J.K.;Andrzej Polkowski;8380082443;9788380082441;5;4.62;Media Rodzina;Paperback;780;2017;2007;2025/09/27;2025/09/24;;;read;;;;1;0;2
6186134;Harry Potter i Książę Półkrwi (Harry Potter, #6);J.K. Rowling;Rowling, J.K.;Andrzej Polkowski, Mary GrandPré;8372781672;9788372781673;5;4.58;Media Rodzina;Paperback;703;2008;2005;2025/09/24;2025/09/23;;;read;;;;1;0;2
1126624;Harry Potter i Zakon Feniksa (Harry Potter, #5);J.K. Rowling;Rowling, J.K.;Mary GrandPré, Andrzej Polkowski;837278096X;9788372780966;4;4.50;Media Rodzina;Paperback;960;2004;2003;2025/09/23;2025/09/21;;;read;;;;1;0;3
1127800;Harry Potter i Czara Ognia (Harry Potter, #4);J.K. Rowling;Rowling, J.K.;Andrzej Polkowski, Mary GrandPré;8372780218;9788372780218;4;4.57;Media Rodzina;Paperback;768;2001;2000;2025/09/21;2025/09/20;;;read;;;;1;0;2
2283458;Harry Potter i Więzień Azkabanu (Harry Potter, #3);J.K. Rowling;Rowling, J.K.;Andrzej Polkowski, Mary GrandPré;8372780145;9788372780140;5;4.58;Media Rodzina;Paperback;458;2001;1999;2025/09/20;2025/09/19;;;read;;;;1;0;2
1367304;Harry Potter i Komnata Tajemnic (Harry Potter, #2);J.K. Rowling;Rowling, J.K.;Andrzej Polkowski, Mary GrandPré;8372780072;9788372780072;4;4.43;Media Rodzina;Paperback;366;2000;1998;2025/09/19;2025/09/17;;;read;;;;1;0;2
1241514;Harry Potter i Kamień Filozoficzny (Harry Potter, #1);J.K. Rowling;Rowling, J.K.;Mary GrandPré, Andrzej Polkowski;8372780005;9788372780003;4;4.47;Media Rodzina;Paperback;327;2000;1997;2025/09/17;2025/09/17;;;read;;;;1;0;1
237771048;Słowik i serce z kamienia (Królestwa Nyaxii, #3);Carissa Broadbent;Broadbent, Carissa;Iga Wiśniewska;8384024197;9788384024195;4;4.05;Filia;Hardcover;504;2025;2024;2025/09/17;2025/09/04;;;read;;;;1;0;3
216370768;Popioły i przeklęty król (Królestwa Nyaxii, #2);Carissa Broadbent;Broadbent, Carissa;Sylwia Chojnacka;8383574932;9788383574936;4;4.07;Filia;Hardcover;680;2024;2023;2025/09/14;2025/03/31;;;read;;;;1;0;1
204242253;Żmija i skrzydła nocy (Królestwa Nyaxii, #1);Carissa Broadbent;Broadbent, Carissa;Paulina  Ziarko;8383572360;9788383572369;5;4.27;Filia;Hardcover;500;2024;2022;2025/09/12;2025/04/16;;;read;;;;1;0;1
34642615;Królewska klatka (Czerwona królowa, #3);Victoria Aveyard;Aveyard, Victoria;Adriana Sokołowska-Ostapko, Joanna Dziubińska;8375154407;9788375154405;0;3.88;Moondrive;Hardcover;492;2017;2017;;2025/09/05;to-read;to-read (#34);to-read;;;;0;0;
56732449;The Love Hypothesis;Ali Hazelwood;Hazelwood, Ali;;593336828;9780593336823;0;4.10;Berkley Books;Paperback;400;2021;2021;;2025/08/30;to-read;to-read (#33);to-read;;;;0;0;
63844859;Visions of Flesh and Blood: A Blood and Ash/Flesh and Fire Compendium (Blood and Ash);Jennifer L. Armentrout;Armentrout, Jennifer L.;Rayvn Salvador;1957568305;9781957568300;0;2.95;Blue Box Press;Kindle Edition;580;2024;2024;;2025/08/30;to-read;to-read (#32);to-read;;;;0;0;
209020037;Światło w płomieniu (Z ciała i ognia, #2);Jennifer L. Armentrout;Armentrout, Jennifer L.;Justyna Szcześniak;832873043X;9788328730434;4;4.49;Akurat;Paperback;704;2024;2022;2025/08/29;2025/08/07;;;read;;;;1;0;3
159327761;Cień w żarze (Z ciała i ognia, #1);Jennifer L. Armentrout;Armentrout, Jennifer L.;Justyna Szcześniak;8328727188;9788328727182;4;4.46;You&YA;Paperback;640;2023;2021;2025/08/24;2025/08/07;;;read;;;;1;0;3
62826110;The Brothers Hawthorne;Jennifer Lynn Barnes;Barnes, Jennifer Lynn;;241638496;9780241638491;0;3.90;Penguin;Hardcover;473;2023;2023;;2024/05/27;to-read;to-read (#31);to-read;;;;0;0;
43597280;The Omni Towers Boxed Set (The Omni Towers, #1-3);Jamie A. Waters;Waters, Jamie A.;;1949524132;9781949524130;0;4.34;Hidden Realms Publishing;Kindle Edition;1053;2019;;;2025/01/08;to-read;to-read (#30);to-read;;;;0;0;
214192215;The Fragile Threads of Power (Threads of Power, #1);V.E. Schwab;Schwab, V.E.;;1785658506;9781785658501;0;4.26;Titan Books;Paperback;610;2024;2023;;2024/10/22;to-read;to-read (#29);to-read;;;;0;0;
30049336;Pomnik cesarzowej Achai. Tom V (Pomnik cesarzowej Achai, #5);Andrzej Ziemiański;Ziemiański, Andrzej;;8379641639;9788379641635;0;3.94;Fabryka Słów;Paperback;966;2016;2016;;2024/04/25;to-read;to-read (#28);to-read;;;;0;0;
214319672;Unwholly (Podzieleni, #2);Neal Shusterman;Shusterman, Neal;Katarzyna Agnieszka Dyrek;8383197756;9788383197753;0;4.24;Uroboros;Hardcover;528;2024;2012;;2024/08/04;to-read;to-read (#27);to-read;;;;0;0;
204948339;Wczoraj byłaś zła na zielono;Eliza Kącka;Kącka, Eliza;;8368059151;9788368059151;0;4.06;Karakter;Paperback;288;2024;2024;;2025/02/16;to-read;to-read (#26);to-read;;;;0;0;
101160634;Making It So;Patrick   Stewart;Stewart, Patrick;;1982167734;9781982167738;0;4.29;Gallery Books;Hardcover;469;2023;2023;;2025/08/22;to-read;to-read (#25);to-read;;;;0;0;
216726289;Dusza krwi i popiołu (Z krwi i popiołu, #5);Jennifer L. Armentrout;Armentrout, Jennifer L.;Jerzy Malinowski;8328731835;9788328731837;4;3.88;Akurat;Paperback;608;2024;2023;2025/08/18;2025/02/27;;;read;;;;1;0;3
199336202;Wojna Dwóch Królowych (Z krwi i popiołu, #4);Jennifer L. Armentrout;Armentrout, Jennifer L.;Justyna Szcześniak-Norberg;8328728532;9788328728530;5;4.09;Akurat;Paperback;735;2023;2022;2025/08/16;2025/02/27;;;read;;;;1;0;4
96570296;Naku*wiam zen;Maria Peszek;Peszek, Maria;;8367406516;9788367406512;0;3.75;Marginesy;Paperback;336;2022;2022;2025/08/09;2025/07/24;;;read;;;;1;0;15
62687086;Korona ze złoconych kości (Z krwi i popiołu, #3);Jennifer L. Armentrout;Armentrout, Jennifer L.;Jerzy Malinowski;8328724332;9788328724334;5;4.16;You&YA;Paperback;608;2022;2021;2025/08/08;2025/07/27;;;read;;;;1;0;2
61211447;Królestwo ciała i ognia (Z krwi i popiołu, #2);Jennifer L. Armentrout;Armentrout, Jennifer L.;Jerzy Malinowski;832872281X;9788328722811;5;4.32;You&YA;Paperback;608;2022;2020;2025/08/06;2025/07/27;;;read;;;;1;0;2
59746631;Krew i popiół (Z krwi i popiołu, #1);Jennifer L. Armentrout;Armentrout, Jennifer L.;Danuta Górska;8328720221;9788328720220;5;4.21;You&YA;Paperback;512;2022;2020;2025/08/05;2025/07/27;;;read;;;;1;0;2
217388041;The Fallen & the Kiss of Dusk (Crowns of Nyaxia, #4);Carissa Broadbent;Broadbent, Carissa;;1250367816;9781250367815;0;3.97;Bramble;Hardcover;557;2025;2025;;2025/08/03;to-read;to-read (#24);to-read;;;;0;0;
107526479;To, co zostaje w nas na zawsze (Knockemout, #1);Lucy Score;Score, Lucy;Maciej Potulny;8382652832;9788382652833;3;4.13;Gorzka Czekolada;Paperback;640;2023;2022;2025/08/03;2025/02/13;;;read;;;;1;0;2
197425473;Prawdziwie, do szaleństwa. Dzienniki;Alan Rickman;Rickman, Alan;Emma Thompson, Maria Jaszczurowska;8367815742;9788367815741;4;3.58;Wydawnictwo Poznańskie;Paperback;656;2023;2022;2025/07/23;2024/02/09;;;read;;;;1;0;531
221706071;Quicksilver (Fae & Alchemy, #1);Callie Hart;Hart, Callie;;1399745417;9781399745413;4;4.33;Hodderscape;Hardcover;624;2024;2024;2025/07/16;2025/03/31;;;read;;;;1;0;6
222139748;Brimstone (Fae & Alchemy, #2);Callie Hart;Hart, Callie;;1538774224;9781538774229;0;4.16;Forever;Hardcover;672;2025;2025;;2025/07/14;to-read;to-read (#23);to-read;;;;0;0;
222742509;Skyshade (Lightlark, #3);Alex Aster;Aster, Alex;Zuzanna Byczek;8382665241;9788382665246;5;3.66;Jaguar;Paperback;432;2025;2024;2025/07/10;2025/01/28;;;read;;;;1;0;2
205821958;Nightbane (Lightlark, #2);Alex Aster;Aster, Alex;Zuzanna Byczek;838266301X;9788382663013;5;4.08;Jaguar;Paperback;480;2024;2023;2025/07/09;2025/01/28;;;read;;;;1;0;2
231246117;Bezwzględna (Bezsilna, #3);Lauren  Roberts;Roberts, Lauren;Natalia Gawrońska;8383877625;9788383877624;5;4.07;Uroboros;Paperback;640;2025;2025;2025/07/08;2025/01/09;;;read;;;;1;0;3
207003754;Lightlark (Lightlark, #1);Alex Aster;Aster, Alex;;141977879X;9781419778797;5;3.84;Harry N. Abrams;Hardcover;432;2024;2022;2025/07/05;2025/01/28;;;read;;;;1;0;3
227362124;Kiedy wykluł się księżyc (Spadające księżyce, #1);Sarah A. Parker;Parker, Sarah A.;Piotr Kucharski;8383875258;9788383875255;4;3.99;Uroboros;Hardcover;704;2025;2024;2025/07/02;2025/05/17;;;read;;;;1;0;7
230371958;Mój następny oddech;Jeremy Renner;Renner, Jeremy;Małgorzata Hesko-Kołodzińska, Piotr Budkiewicz;8368242320;9788368242324;5;4.20;Media Rodzina;Hardcover;264;2025;2025;2025/06/25;2025/05/17;;;read;;;;1;0;1
207298440;All Better Now;Neal Shusterman;Shusterman, Neal;;1534432752;9781534432758;0;3.64;Simon & Schuster Books for Young Readers;Hardcover;528;2025;2025;;2025/05/26;to-read;to-read (#22);to-read;;;;0;0;
10429045;Shatter Me (Shatter Me, #1);Tahereh Mafi;Mafi, Tahereh;;62085484;9780062085481;0;3.84;Harper;Hardcover;338;2011;2011;;2025/05/26;to-read;to-read (#21);to-read;;;;0;0;
229278890;Undivived (Podzieleni, #4);Neal Shusterman;Shusterman, Neal;Katarzyna Agnieszka Dyrek;8383876890;9788383876894;0;4.46;Uroboros;Hardcover;480;2025;2014;;2025/05/20;to-read;to-read (#20);to-read;;;;0;0;
228236115;Unsouled (Podzieleni, #3);Neal Shusterman;Shusterman, Neal;Katarzyna Agnieszka Dyrek;8383874545;9788383874548;0;4.22;Uroboros;Hardcover;496;2025;2013;;2025/05/20;to-read;to-read (#19);to-read;;;;0;0;
50623864;The Invisible Life of Addie LaRue;V.E. Schwab;Schwab, V.E.;Victoria Schwab;765387565;9780765387561;0;4.17;Tor Books;Hardcover;448;2020;2020;;2025/05/20;to-read;to-read (#18);to-read;;;;0;0;
36329818;Legendary (Caraval, #2);Stephanie Garber;Garber, Stephanie;;125009531X;9781250095312;0;4.10;Flatiron Books;Hardcover;451;2018;2018;;2025/01/28;currently-reading;currently-reading (#3);currently-reading;;;;1;0;
60868126;Caraval (Caraval, #1);Stephanie Garber;Garber, Stephanie;Mateusz Borowski;8367195191;9788367195195;4;3.97;Poradnia K;Paperback;368;2022;2016;2025/04/19;2025/01/14;;;read;;;;1;0;1
223688754;Wschód słońca w dniu dożynek (Igrzyska śmierci, #0.5);Suzanne Collins;Collins, Suzanne;Małgorzata Hesko-Kołodzińska, Piotr Budkiewicz;8368242010;9788368242010;0;4.51;Must Read;Paperback;404;2025;2025;2025/04/18;2025/01/14;;;read;;;;1;0;7
197363933;The Games Gods Play (The Crucible, #1);Abigail Owen;Owen, Abigail;;1649376561;9781649376565;0;4.14;Entangled: Red Tower Books;Hardcover;509;2024;2024;;2025/04/15;to-read;to-read (#17);to-read;;;;0;0;
224123811;Onyx Storm. Onyksowa burza (Empireum, #3);Rebecca Yarros;Yarros, Rebecca;Sylwia Chojnacka;8383579764;9788383579764;4;4.21;Filia;Hardcover;608;2025;2025;2025/03/31;2024/12/10;;;read;;;;1;0;17
140509570;Przysięga złodziei (Taniec złodziei, #2);Mary E. Pearson;Pearson, Mary E.;Sylwia Chojnacka;8382806872;9788382806878;0;4.30;Filia;Paperback;576;2023;2019;;2025/03/05;to-read;to-read (#16);to-read;;;;0;0;
62214961;Taniec złodziei (Taniec złodziei, #1);Mary E. Pearson;Pearson, Mary E.;Sylwia Chojnacka;8382802966;9788382802962;0;4.10;Filia;Paperback;584;2022;2018;;2025/03/04;to-read;to-read (#15);to-read;;;;0;0;
23451266;Pomnik cesarzowej Achai. Tom IV (Pomnik cesarzowej Achai, #4);Andrzej Ziemiański;Ziemiański, Andrzej;;8379640233;9788379640232;0;3.94;Fabryka Słów;Paperback;768;2014;2014;;2024/04/25;currently-reading;currently-reading (#2);currently-reading;;;;1;0;
220829767;Ona (Virion. Legenda Miecza #2);Andrzej Ziemiański;Ziemiański, Andrzej;;8383750374;9788383750378;0;4.40;Fabryka Słów;Paperback;480;2025;2025;;2025/02/27;to-read;to-read (#14);to-read;;;;0;0;
205560093;Unwind (Podzieleni, #1);Neal Shusterman;Shusterman, Neal;Katarzyna Agnieszka Dyrek;8383194765;9788383194769;0;4.17;Uroboros;Hardcover;432;2024;2007;2025/02/26;2024/05/27;;;read;;;;1;0;
28423811;Szklany miecz (Czerwona Królowa, #2);Victoria Aveyard;Aveyard, Victoria;Adriana Sokołowska-Ostapko;8375153788;9788375153781;0;3.78;Moondrive;Paperback;560;2016;2016;;2025/02/22;to-read;to-read (#13);to-read;;;;0;0;
24908588;Czerwona Królowa (Czerwona Królowa, #1);Victoria Aveyard;Aveyard, Victoria;Adriana Sokołowska-Ostapko;837515332X;9788375153323;0;3.98;Otwarte;Paperback;440;2015;2015;;2025/02/22;to-read;to-read (#12);to-read;;;;0;0;
219613599;Beztroska (Bezsilna, #2);Lauren  Roberts;Roberts, Lauren;Natalia Gawrońska;8383871813;9788383871813;4;4.07;Uroboros;Paperback;432;2024;2024;2025/02/13;2024/12/10;;;read;;;;1;0;2
218527185;Gwiazdka. Opowieści ilustrowane;Louisa May Alcott;Alcott, Louisa May;Joanna Wadas;8382410758;9788382410754;4;3.13;MG;Hardcover;400;2024;;2025/02/12;2025/01/07;;;read;;;;1;0;1
203578793;Spectacular (Caraval, #3.5);Stephanie Garber;Garber, Stephanie;Rosie Fowinkle;1250893402;9781250893406;0;3.65;Flatiron Books;Hardcover;207;2024;2024;;2025/01/28;to-read;to-read (#11);to-read;;;;0;0;
40381392;Finale (Caraval, #3);Stephanie Garber;Garber, Stephanie;;1250157668;9781250157669;0;4.13;Flatiron Books;Hardcover;478;2019;2019;;2025/01/28;to-read;to-read (#10);to-read;;;;0;0;
216635092;Glorious Rivals (The Grandest Game, #2);Jennifer Lynn Barnes;Barnes, Jennifer Lynn;;316481319;9780316481311;0;4.09;Little, Brown Books for Young Readers;Hardcover;432;2025;2025;;2025/01/28;to-read;to-read (#9);to-read;;;;0;0;
197392670;The Grandest Game (The Grandest Game, #1);Jennifer Lynn Barnes;Barnes, Jennifer Lynn;;316481017;9780316481014;0;3.94;Little, Brown Books for Young Readers;Hardcover;384;2024;2024;;2025/01/28;to-read;to-read (#8);to-read;;;;0;0;
205331828;Iron Flame. Żelazny płomień (Empireum, #2);Rebecca Yarros;Yarros, Rebecca;Sylwia Chojnacka;8383573057;9788383573052;4;4.36;Filia;Hardcover;704;2024;2023;2025/01/24;2024/12/10;;;read;;;;1;0;2
36692308;The Ragpicker King (The Chronicles of Castellane, #2);Cassandra Clare;Clare, Cassandra;;1529001447;9781529001440;0;4.38;Tor;Paperback;557;2025;2025;;2025/01/23;to-read;to-read (#7);to-read;;;;0;0;
36679274;Sword Catcher (The Chronicles of Castellane, #1);Cassandra Clare;Clare, Cassandra;;525619992;9780525619994;0;3.82;Del Rey Books;Hardcover;624;2023;2023;;2025/01/14;to-read;to-read (#6);to-read;;;;0;0;
10834746;Pomnik cesarzowej Achai. Tom III (Pomnik cesarzowej Achai, #3);Andrzej Ziemiański;Ziemiański, Andrzej;;8375749176;9788375749175;3;3.92;Fabryka Słów;Paperback;793;2014;2014;2025/01/14;2024/04/25;;;read;;;;1;0;79
46261182;The Awakening (Zodiac Academy, #1);Caroline Peckham;Peckham, Caroline;Susanne Valenti;;;0;3.82;Dark Ink Publishing;Kindle Edition;436;2019;2019;;2025/01/14;to-read;to-read (#5);to-read;;;;0;0;
211493908;Fourth Wing. Czwarte skrzydło (Empireum, #1);Rebecca Yarros;Yarros, Rebecca;Sylwia Chojnacka;838357407X;9788383574073;5;4.57;Filia;Hardcover;552;2024;2023;2025/01/11;2024/12/10;;;read;;;;1;0;2
220838100;The Primal of Blood and Bone (Blood and Ash, #6);Jennifer L. Armentrout;Armentrout, Jennifer L.;;1963135415;9781963135411;0;3.59;Blue Box Press;Hardcover;800;2025;2025;;2025/01/09;to-read;to-read (#4);to-read;;;;0;0;
837779596;Małe kobietki (Małe kobietki, #1, Część 2);Louisa May Alcott;Alcott, Louisa May;Anna Bańkowska;8377795972;9788377795971;5;4.17;MG;Hardcover;912;2019;1868;2024/12/23;2024/11/13;;;read;;;;1;0;5
837779597;Dobre żony (Małe kobietki, #1, Część 2);Louisa May Alcott;Alcott, Louisa May;Zofia Grabowska;8377795973;9788377795972;5;3.98;MG;Hardcover;448;2020;1868;2024/12/18;2024/11/13;;;read;;;;1;0;24
127068173;Miłość (Twisted, #1);Ana Huang;Huang, Ana;Emilia Skowrońska;8367551095;9788367551090;3;3.71;Czwarta Strona;Paperback;392;2023;2021;2024/11/14;2024/11/13;;;read;;;;1;0;2
199202425;Kłamstwa (Twisted, #4);Ana Huang;Huang, Ana;Anna Hikiert-Bereza;8367891163;9788367891165;0;4.16;Czwarta Strona;Paperback;576;2023;2022;;2024/11/13;to-read;to-read (#3);to-read;;;;0;0;
179912657;Nienawiść (Twisted, #3);Ana Huang;Huang, Ana;Emilia Skowrońska;8367815068;9788367815062;0;3.94;Czwarta Strona;Paperback;528;2023;2022;;2024/11/13;to-read;to-read (#2);to-read;;;;0;0;
134797505;Gry (Twisted, #2);Ana Huang;Huang, Ana;Emilia Skowrońska;8367616758;9788367616751;0;4.08;Czwarta Strona;Paperback;500;2023;2021;;2024/11/13;to-read;to-read (#1);to-read;;;;0;0;
10834741;Pomnik cesarzowej Achai. Tom II (Pomnik cesarzowej Achai, #2);Andrzej Ziemiański;Ziemiański, Andrzej;;8375748587;9788375748581;3;3.94;Fabryka Słów;Paperback;712;2013;2013;2024/10/28;2024/04/25;;;read;;;;1;0;30
216948054;Niezłomna (Bezsilna, #1.5);Lauren  Roberts;Roberts, Lauren;Natalia Gawrońska;8383199546;9788383199542;4;4.12;Uroboros;Paperback;272;2024;2024;2024/10/11;2024/09/21;;;read;;;;1;0;1
55359764;Ziemia obiecana;Barack Obama;Obama, Barack;Dariusz Żukowski;8326845833;9788326845833;0;4.31;Agora S.A.;Paperback;872;2021;2020;;2024/09/21;currently-reading;currently-reading (#1);currently-reading;;;;1;0;
131840512;Enemies with Benefits (Loveless Brothers #1);Roxie Noir;Noir, Roxie;;1393906648;9781393906643;0;3.83;;ebook;434;2023;2019;2024/09/21;2024/08/04;;;read;;;;1;0;49
186250688;Głosząca kres (Wojna Lotosowa, #3);Jay Kristoff;Kristoff, Jay;;8383185405;9788383185408;3;4.27;Uroboros;Hardcover;688;2023;2014;2024/09/21;2024/08/04;;;read;;;;1;0;5
156509116;Bratobójca (Wojna Lotosowa, #2);Jay Kristoff;Kristoff, Jay;Jakub Rodziniński;8383185391;9788383185392;3;3.97;Uroboros;Hardcover;656;2023;2013;2024/09/16;2024/08/04;;;read;;;;1;0;21
142424139;Tancerze burzy (Wojna Lotosowa, #1);Jay Kristoff;Kristoff, Jay;Paulina Braiter-Ziemkiewicz;8383185383;9788383185385;4;3.79;Uroboros;Hardcover;448;2023;2012;2024/08/16;2024/07/15;;;read;;;;1;0;1
55671487;Dziwne losy Jane Eyre;Charlotte Brontë;Brontë, Charlotte;Teresa Świderska;8381397405;9788381397407;5;4.16;Świat Książki;Hardcover;560;2020;1847;2024/08/16;2024/05/05;;;read;;;;1;0;5
206222745;Dom Płomienia i Cienia (Księżycowe Miasto, #3);Sarah J. Maas;Maas, Sarah J.;Małgorzata Fabianowska;8328052083;9788328052086;4;4.23;Uroboros;Paperback;1104;2024;2024;2024/07/29;2024/07/15;;;read;;;;1;0;4
60766355;Dom Nieba i Oddechu. Część 2 (Księżycowe Miasto, #2B);Sarah J. Maas;Maas, Sarah J.;Małgorzata Fabianowska;8328098032;9788328098039;4;4.29;Uroboros;Paperback;592;2022;2022;2024/07/25;2024/03/21;;;read;;;;1;0;4
60506996;Dom Nieba i Oddechu. Część 1 (Księżycowe Miasto, #2A);Sarah J. Maas;Maas, Sarah J.;Małgorzata Fabianowska;8328052075;9788328052079;4;3.94;Uroboros;Paperback;528;2022;2022;2024/07/22;2024/03/21;;;read;;;;1;0;2
53300549;Dom Ziemi i Krwi. Część 2 (Księżycowe Miasto, #1B);Sarah J. Maas;Maas, Sarah J.;Marcin Mortka;8328083043;9788328083042;4;4.38;Uroboros;Paperback;624;2020;2020;2024/07/20;2024/03/21;;;read;;;;1;0;2
53195659;Dom Ziemi i Krwi. Część 1 (Księżycowe Miasto, #1A);Sarah J. Maas;Maas, Sarah J.;Marcin Mortka;8328052067;9788328052062;4;3.95;Uroboros;Paperback;560;2020;2020;2024/07/17;2024/03/21;;;read;;;;1;0;4
13504075;Pomnik cesarzowej Achai. Tom I (Pomnik cesarzowej Achai, #1);Andrzej Ziemiański;Ziemiański, Andrzej;;8375746754;9788375746754;3;3.81;Fabryka Słów;Paperback;678;2012;2012;2024/07/14;2024/04/25;;;read;;;;1;0;33
207653336;Bezsilna (Bezsilna, #1);Lauren  Roberts;Roberts, Lauren;Natalia Gawrońska;8383194536;9788383194530;4;4.16;Uroboros;Paperback;608;2024;2023;2024/07/07;2024/05/27;;;read;;;;1;0;3
205858067;Krew (Virion. Legenda Miecza #1);Andrzej Ziemiański;Ziemiański, Andrzej;;8379649915;9788379649914;5;4.32;Fabryka Słów;Paperback;520;2024;2024;2024/06/11;2024/04/25;;;read;;;;1;0;13
209588017;Carmilla;J. Sheridan Le Fanu;Fanu, J. Sheridan Le;Paulina Braiter-Ziemkiewicz, Aleksandra Czudżak;8383195494;9788383195490;5;3.87;Uroboros;Hardcover;176;2024;1872;2024/05/29;2024/05/27;;;read;;;;1;0;3
55722876;Achaja. Tom III (Achaja, #3);Andrzej Ziemiański;Ziemiański, Andrzej;;8379645561;9788379645565;5;3.48;Fabryka Słów;Paperback;418;2020;2004;2024/05/27;2024/04/05;;;read;;;;1;0;14
58429545;Get Lucky (Billionaires in Love, #1);Lila Monroe;Monroe, Lila;;;;0;3.67;Lila Monroe Books;Kindle Edition;213;2021;2016;;2023/12/25;;;read;;;;1;0;
10995106;Achaja. Tom II (Achaja, #2);Andrzej Ziemiański;Ziemiański, Andrzej;;8375742325;9788375742329;5;3.70;Fabryka Słów;Paperback;648;2011;2003;2024/05/13;2024/04/05;;;read;;;;1;0;14
10834703;Achaja. Tom I (Achaja, #1);Andrzej Ziemiański;Ziemiański, Andrzej;;;;5;3.63;Fabryka Słów;Paperback;696;2011;2002;2024/04/26;2024/04/05;;;read;;;;1;0;15
156044718;Grzeczna dziewczynka musi zginąć (Przewodnik po zbrodni według grzecznej dziewczynki, #3);Holly  Jackson;Jackson, Holly;Ernest Kacperski, Marta Lis;8382990614;9788382990614;4;4.19;Books4YA;Paperback;576;2023;2021;2024/04/05;2024/03/29;;;read;;;;1;0;3
127072682;Grzeczna dziewczynka, zepsuta krew (Przewodnik po zbrodni według grzecznej dziewczynki, #2);Holly  Jackson;Jackson, Holly;Ernest Kacperski;8382408184;9788382408188;4;4.26;Books4YA;Paperback;464;2022;2020;2024/04/01;2024/03/29;;;read;;;;1;0;3
206104394;Extinguish the Heat. Runda finałowa (Hell, #7);P.S. Herytiera;Herytiera, P.S.;Pizgacz, Katarzyna Barlińska;8328907038;9788328907034;3;4.70;beYA;Paperback;640;2024;2024;2024/03/29;2024/03/26;;;read;;;;1;0;2
49605810;Przewodnik po zbrodni według grzecznej dziewczynki (Przewodnik po zbrodni według grzecznej dziewczynki, #1);Holly  Jackson;Jackson, Holly;Ernest Kacperski;8381541956;9788381541954;4;4.28;Zielona Sowa;Paperback;446;2019;2019;2024/03/26;2024/03/20;;;read;;;;1;0;7
63314577;Virion. Legion (Szermierz Natchniony, #3);Andrzej Ziemiański;Ziemiański, Andrzej;;;;5;4.33;Fabryka Słów;Paperback;573;2023;2023;2024/03/20;2024/03/09;;;read;;;;1;0;12
59823379;Virion. Pustynia (Szermierz Natchniony, #2);Andrzej Ziemiański;Ziemiański, Andrzej;;8379647084;9788379647088;5;4.29;Fabryka Słów;Paperback;528;2022;2022;2024/03/09;2024/02/25;;;read;;;;1;0;14
56674185;Virion. Zamek (Szermierz Natchniony #1);Andrzej Ziemiański;Ziemiański, Andrzej;;8379646290;9788379646296;5;4.33;Fabryka Słów;Paperback;506;2021;2021;2024/02/24;2024/02/18;;;read;;;;1;0;7
52638994;Virion. Szermierz (Imperium Achai, #4);Andrzej Ziemiański;Ziemiański, Andrzej;;8379645162;9788379645169;5;4.23;Fabryka Słów;Paperback;640;2019;2019;2024/02/18;2024/02/10;;;read;;;;1;0;9
45026943;Virion. Adept (Imperium Achai, #3);Andrzej Ziemiański;Ziemiański, Andrzej;;8379644158;9788379644155;5;4.19;Fabryka Słów;Paperback;580;2019;2019;2024/02/09;2024/01/24;;;read;;;;1;0;12
40952580;Virion. Obława (Imperium Achai, #2);Andrzej Ziemiański;Ziemiański, Andrzej;;8379643577;9788379643578;5;4.16;Fabryka Słów;Paperback;506;2018;2018;2024/01/24;2024/01/05;;;read;;;;1;0;14
36202260;Virion. Wyrocznia (Imperium Achai, #1);Andrzej Ziemiański;Ziemiański, Andrzej;;8379642600;9788379642601;5;4.10;Fabryka Słów;Paperback;512;2017;2017;2024/01/03;2024/01/03;;;read;;;;1;0;7